"Reference","Value","Footprint","DNP","MPN","LCSC","Description"
"BT1","Adafruit 1317 150mAh","","","Adafruit 1317","","3.7 V protected LiPo, 19.75 x 26.02 x 3.8 mm, 4.65 g. Leads soldered to J1/J2."
"BZ1","CPT-9019S-SMT","Buzzer_Beeper:Buzzer_CUI_CPT-9019S-SMT","","CPT-9019S-SMT-TR","C95163","Piezo, externally driven, 3 V / 5 mA / 65 dB @ 10 cm, 4 kHz. Non-magnetic."
"C1-C6","100n","Capacitor_SMD:C_0402_1005Metric","","","","U1 VDD (pin 8) decoupling, place next to the pin,U1 VDDIO (pin 5) decoupling, place next to the pin,U2 VDD (pin 8) decoupling, place next to the pin,U2 VDDIO (pin 5) decoupling, place next to the pin,U3 VDD (pin 8) decoupling, place next to the pin,U3 VDDIO (pin 5) decoupling, place next to the pin"
"C7-C10","100n","Capacitor_SMD:C_0402_1005Metric","DNP","","","U4 VDD (pin 8) decoupling, place next to the pin,U4 VDDIO (pin 5) decoupling, place next to the pin,U5 VDD (pin 8) decoupling, place next to the pin,U5 VDDIO (pin 5) decoupling, place next to the pin"
"C11","2.2u","Capacitor_SMD:C_0402_1005Metric","","","","MMC5603NJ VDD bypass, datasheet minimum 2.2 uF, close to B1"
"C12","10u","Capacitor_SMD:C_0603_1608Metric","","","","Bulk at XIAO 3V3"
"J1","BAT+","Connector_Wire:SolderWirePad_1x01_SMD_1.5x3mm","","","",""
"J2","BAT-","Connector_Wire:SolderWirePad_1x01_SMD_1.5x3mm","","","",""
"JP1","D6 select","Jumper:SolderJumper-3_P1.3mm_Open_RoundedPad1.0x1.5mm","","","","1-2 (A): D6 = U5 chip-select. 2-3 (B): D6 = buzzer. Ship bridged 2-3."
"M1","XIAO nRF52840 Sense","disctracker:XIAO-nRF52840-SMD","","Seeed 102010469","",""
"R1,R2","4.7k","Resistor_SMD:R_0402_1005Metric","","","","I2C SCL pull-up,I2C SDA pull-up"
"R3","33","Resistor_SMD:R_0402_1005Metric","","","","Series resistor on SPI clock (20 mm runs)"
"R4-R6","100k","Resistor_SMD:R_0402_1005Metric","","","","CS1 pull-up (firmware sets I2C_I3C_disable, which turns off the chip's own CS pull-up),CS2 pull-up (firmware sets I2C_I3C_disable, which turns off the chip's own CS pull-up),CS3 pull-up (firmware sets I2C_I3C_disable, which turns off the chip's own CS pull-up)"
"R7,R8","100k","Resistor_SMD:R_0402_1005Metric","DNP","","","CS4 pull-up (firmware sets I2C_I3C_disable, which turns off the chip's own CS pull-up),CS5 pull-up (firmware sets I2C_I3C_disable, which turns off the chip's own CS pull-up)"
"R9","100","Resistor_SMD:R_0402_1005Metric","","","","Limits GPIO peak current into the piezo's capacitance"
"U1-U3","LSM6DSV320X","Package_LGA:LGA-14_3x2.5mm_P0.5mm_LayoutBorder3x4y","","LSM6DSV320XTR","",""
"U4,U5","LSM6DSV320X","Package_LGA:LGA-14_3x2.5mm_P0.5mm_LayoutBorder3x4y","DNP","LSM6DSV320XTR","",""
"U6","MMC5603NJ","Package_BGA:WLP-4_0.86x0.86mm_P0.4mm","","MMC5603NJ","C404328",""
