Designator,Mid X,Mid Y,Layer,Rotation
C1,101.300000mm,-102.500000mm,Top,0.000000
C2,98.700000mm,-102.500000mm,Top,0.000000
C3,121.300000mm,-102.500000mm,Top,0.000000
C4,118.700000mm,-102.500000mm,Top,0.000000
C5,81.300000mm,-102.500000mm,Top,0.000000
C6,78.700000mm,-102.500000mm,Top,0.000000
C11,98.000000mm,-125.000000mm,Top,90.000000
R1,102.450000mm,-124.200000mm,Top,0.000000
R2,102.450000mm,-125.800000mm,Top,0.000000
R3,109.920000mm,-88.917500mm,Top,90.000000
R4,100.000000mm,-97.500000mm,Top,0.000000
R5,120.000000mm,-97.500000mm,Top,0.000000
R6,80.000000mm,-97.500000mm,Top,0.000000
R9,107.380000mm,-113.882500mm,Top,0.000000
U1,100.000000mm,-100.000000mm,Top,0.000000
U2,120.000000mm,-100.000000mm,Top,0.000000
U3,80.000000mm,-100.000000mm,Top,0.000000
U6,100.000000mm,-125.000000mm,Top,0.000000
