Ref,Val,Package,PosX,PosY,Rot,Side
"C1","100n","C_0402_1005Metric",101.300000,-102.500000,0.000000,top
"C2","100n","C_0402_1005Metric",98.700000,-102.500000,0.000000,top
"C3","100n","C_0402_1005Metric",121.300000,-102.500000,0.000000,top
"C4","100n","C_0402_1005Metric",118.700000,-102.500000,0.000000,top
"C5","100n","C_0402_1005Metric",81.300000,-102.500000,0.000000,top
"C6","100n","C_0402_1005Metric",78.700000,-102.500000,0.000000,top
"C11","2.2u","C_0402_1005Metric",98.000000,-125.000000,90.000000,top
"R1","4.7k","R_0402_1005Metric",102.450000,-124.200000,0.000000,top
"R2","4.7k","R_0402_1005Metric",102.450000,-125.800000,0.000000,top
"R3","33","R_0402_1005Metric",109.920000,-88.917500,90.000000,top
"R4","100k","R_0402_1005Metric",100.000000,-97.500000,0.000000,top
"R5","100k","R_0402_1005Metric",120.000000,-97.500000,0.000000,top
"R6","100k","R_0402_1005Metric",80.000000,-97.500000,0.000000,top
"R9","100","R_0402_1005Metric",107.380000,-113.882500,0.000000,top
"U1","LSM6DSV320X","LGA-14_3x2.5mm_P0.5mm_LayoutBorder3x4y",100.000000,-100.000000,0.000000,top
"U2","LSM6DSV320X","LGA-14_3x2.5mm_P0.5mm_LayoutBorder3x4y",120.000000,-100.000000,0.000000,top
"U3","LSM6DSV320X","LGA-14_3x2.5mm_P0.5mm_LayoutBorder3x4y",80.000000,-100.000000,0.000000,top
"U6","MMC5603NJ","WLP-4_0.86x0.86mm_P0.4mm",100.000000,-125.000000,0.000000,top
